{
  "toggleHandToHandPerks":true,
  "toggleBalanceGMSTs":true,
  "toggleActiveBlockingMouse2":false,
  "toggleSkillGain":true,
  "toggleActiveBlocking":true,
  "toggleWeaponPerks":true,
  "toggleAlwaysHit":true,
  "showMessages":true,
  "showSkillGainDebugMessages":false,
  "showDamageNumbers":false,
  "showActiveBlockMessages":true,
  "showDebugMessages":false,
  "creatureBonusModifier":0.3,
  "activeBlockingFatiguePercentBase":0.25,
  "handToHandBaseDamageMin":2,
  "armorSkillGainBaseModifier":0.8,
  "weaponSkillGainBaseModifier":0.6,
  "executeThreshold":0.25,
  "activeBlockingFatigueMin":0.25,
  "multistrikeStrikesNeeded":3,
  "handToHandBaseDamageMax":3,
  "disableDefaultKnockdowns":true,
  "agilityKnockdownChanceMinMod":0.25,
  "attackBonusModifier":0.5,
  "multistrikeBonuseDamageMultiplier":1,
  "criticalStrikeMultiplier":1,
  "weaponSkillModifier":0.2,
  "sanctuaryModifier":0.35,
  "bleedMultiplier":0.35,
  "fatigueReductionModifier":0.2,
  "activeBlockKey":{
    "keyCode":44,
    "isShiftDown":false,
    "isAltDown":false,
    "isControlDown":false
  },
  "gmst":{
    "knockdownOddsMult":70,
    "fatigueAttackMult":0.2,
    "knockdownMult":0.8,
    "fatigueAttackBase":3,
    "weaponFatigueMult":0.5
  },
  "weaponTier1":{
    "multistrikeDamageMultiplier":0.1,
    "bleedChance":15,
    "handToHandKnockdownChance":10,
    "handToHandBaseDamageMin":3,
    "activeBlockingFatiguePercent":0.2,
    "stunChance":5,
    "bonusDamageForFatigueMultiplier":0.15,
    "weaponSkillGainModifier":0.65,
    "handToHandBaseDamageMax":4,
    "criticalStrikeChance":10,
    "handToHandKnockdownDamageMultiplier":0.1,
    "weaponSkillMin":25
  },
  "weaponTier2":{
    "adrenalineRushChance":10,
    "weaponSkillGainModifier":0.7,
    "executeDamageMultiplier":0.5,
    "handToHandBaseDamageMin":5,
    "activeBlockingFatiguePercent":0.15,
    "handToHandBaseDamageMax":7,
    "weaponSkillMin":50,
    "bleedChance":25,
    "multistrikeDamageMultiplier":0.2,
    "stunChance":10,
    "handToHandKnockdownDamageMultiplier":0.2,
    "bonusDamageForFatigueMultiplier":0.3,
    "handToHandKnockdownChance":20,
    "multistrikeBonusChance":5,
    "criticalStrikeChance":20,
    "bonusArmorDamageMultiplier":0.2,
    "maxBleedStack":2
  },
  "weaponTier3":{
    "adrenalineRushChance":20,
    "weaponSkillGainModifier":0.8,
    "executeDamageMultiplier":1,
    "handToHandBaseDamageMin":8,
    "activeBlockingFatiguePercent":0.1,
    "handToHandBaseDamageMax":11,
    "weaponSkillMin":75,
    "bleedChance":30,
    "multistrikeDamageMultiplier":0.35,
    "stunChance":15,
    "handToHandKnockdownDamageMultiplier":0.35,
    "bonusDamageForFatigueMultiplier":0.45,
    "handToHandKnockdownChance":25,
    "multistrikeBonusChance":10,
    "criticalStrikeChance":35,
    "bonusArmorDamageMultiplier":0.25,
    "maxBleedStack":3
  },
  "weaponTier4":{
    "adrenalineRushChance":30,
    "weaponSkillGainModifier":1,
    "executeDamageMultiplier":1.5,
    "handToHandBaseDamageMin":11,
    "activeBlockingFatiguePercent":0.05,
    "handToHandBaseDamageMax":14,
    "weaponSkillMin":100,
    "bleedChance":35,
    "multistrikeDamageMultiplier":0.5,
    "stunChance":20,
    "handToHandKnockdownDamageMultiplier":0.5,
    "bonusDamageForFatigueMultiplier":0.6,
    "handToHandKnockdownChance":30,
    "multistrikeBonusChance":20,
    "criticalStrikeChance":50,
    "bonusArmorDamageMultiplier":0.33,
    "maxBleedStack":4
  }
}